,id,date,price,bedrooms,bathrooms,sqft_living,sqft_lot,floors,waterfront,view,condition,grade,sqft_above,sqft_basement,yr_built,yr_renovated,zipcode,lat,long,sqft_living15,sqft_lot15
93,6021501535,20140725T000000,430000.0,3,1.5,1580,5000,1.0,0,0,3,8,1290,290,1939,0,98117,47.687,-122.386,1570,4500
94,6021501535,20141223T000000,700000.0,3,1.5,1580,5000,1.0,0,0,3,8,1290,290,1939,0,98117,47.687,-122.386,1570,4500
313,4139480200,20140618T000000,1384000.0,4,3.25,4290,12103,1.0,0,3,3,11,2690,1600,1997,0,98006,47.5503,-122.102,3860,11244
314,4139480200,20141209T000000,1400000.0,4,3.25,4290,12103,1.0,0,3,3,11,2690,1600,1997,0,98006,47.5503,-122.102,3860,11244
324,7520000520,20140905T000000,232000.0,2,1.0,1240,12092,1.0,0,0,3,6,960,280,1922,1984,98146,47.4957,-122.352,1820,7460
325,7520000520,20150311T000000,240500.0,2,1.0,1240,12092,1.0,0,0,3,6,960,280,1922,1984,98146,47.4957,-122.352,1820,7460
345,3969300030,20140723T000000,165000.0,4,1.0,1000,7134,1.0,0,0,3,6,1000,0,1943,0,98178,47.4897,-122.24,1020,7138
346,3969300030,20141229T000000,239900.0,4,1.0,1000,7134,1.0,0,0,3,6,1000,0,1943,0,98178,47.4897,-122.24,1020,7138
371,2231500030,20141001T000000,315000.0,4,2.25,2180,10754,1.0,0,0,5,7,1100,1080,1954,0,98133,47.7711,-122.341,1810,6929
372,2231500030,20150324T000000,530000.0,4,2.25,2180,10754,1.0,0,0,5,7,1100,1080,1954,0,98133,47.7711,-122.341,1810,6929
717,8820903380,20140728T000000,452000.0,6,2.25,2660,13579,2.0,0,0,3,7,2660,0,1937,1990,98125,47.7142,-122.286,1120,8242
718,8820903380,20150102T000000,730000.0,6,2.25,2660,13579,2.0,0,0,3,7,2660,0,1937,1990,98125,47.7142,-122.286,1120,8242
823,726049190,20141002T000000,287500.0,3,1.0,1810,7200,1.0,0,0,4,7,1130,680,1954,0,98133,47.7493,-122.351,1810,8100
824,726049190,20150218T000000,431000.0,3,1.0,1810,7200,1.0,0,0,4,7,1130,680,1954,0,98133,47.7493,-122.351,1810,8100
836,8682262400,20140718T000000,430000.0,2,1.75,1350,4003,1.0,0,0,3,8,1350,0,2004,0,98053,47.7176,-122.033,1350,4479
837,8682262400,20150513T000000,419950.0,2,1.75,1350,4003,1.0,0,0,3,8,1350,0,2004,0,98053,47.7176,-122.033,1350,4479
1085,9834200885,20140717T000000,360000.0,4,2.5,2080,4080,1.0,0,0,5,7,1040,1040,1962,0,98144,47.572,-122.29,1340,4080
1086,9834200885,20150420T000000,550000.0,4,2.5,2080,4080,1.0,0,0,5,7,1040,1040,1962,0,98144,47.572,-122.29,1340,4080
1128,8062900070,20140909T000000,272000.0,5,1.5,2550,6300,1.0,0,0,4,7,1560,990,1959,0,98056,47.5014,-122.172,1380,6300
1129,8062900070,20150213T000000,369000.0,5,1.5,2550,6300,1.0,0,0,4,7,1560,990,1959,0,98056,47.5014,-122.172,1380,6300
1202,1231000510,20140922T000000,263000.0,3,1.75,1490,3800,1.0,0,0,3,6,700,790,1913,0,98118,47.5554,-122.27,2180,4000
1203,1231000510,20150504T000000,510000.0,3,1.75,1490,3800,1.0,0,0,3,6,700,790,1913,0,98118,47.5554,-122.27,2180,4000
1234,6117501820,20140618T000000,250275.0,2,1.0,790,11234,1.0,0,0,4,6,790,0,1942,0,98166,47.4413,-122.349,1930,11871
1235,6117501820,20150428T000000,435000.0,2,1.0,790,11234,1.0,0,0,4,6,790,0,1942,0,98166,47.4413,-122.349,1930,11871
1450,2228900270,20140812T000000,215000.0,2,1.0,1010,6000,1.0,0,0,4,6,1010,0,1944,0,98133,47.771,-122.353,1610,7313
1451,2228900270,20150212T000000,302000.0,2,1.0,1010,6000,1.0,0,0,4,6,1010,0,1944,0,98133,47.771,-122.353,1610,7313
1464,3630120700,20140513T000000,757000.0,3,3.25,3190,5283,2.0,0,0,3,9,3190,0,2007,0,98029,47.5534,-122.002,2950,5198
1465,3630120700,20150107T000000,765000.0,3,3.25,3190,5283,2.0,0,0,3,9,3190,0,2007,0,98029,47.5534,-122.002,2950,5198
1576,7888000390,20140627T000000,140000.0,3,1.0,1060,7473,1.0,0,0,3,7,1060,0,1959,0,98198,47.3699,-122.309,1320,7912
1577,7888000390,20150401T000000,235000.0,3,1.0,1060,7473,1.0,0,0,3,7,1060,0,1959,0,98198,47.3699,-122.309,1320,7912
1864,2143700830,20141006T000000,207000.0,4,2.5,2100,19680,1.5,0,0,3,6,2100,0,1914,0,98055,47.4787,-122.23,1340,12300
1865,2143700830,20150312T000000,370000.0,4,2.5,2100,19680,1.5,0,0,3,6,2100,0,1914,0,98055,47.4787,-122.23,1340,12300
2038,3395040550,20140728T000000,250000.0,3,2.5,1530,2890,2.0,0,0,3,7,1530,0,2001,0,98108,47.5434,-122.293,1540,2890
2039,3395040550,20150429T000000,320000.0,3,2.5,1530,2890,2.0,0,0,3,7,1530,0,2001,0,98108,47.5434,-122.293,1540,2890
2126,4345000510,20141015T000000,180500.0,3,2.5,1800,8518,2.0,0,0,3,7,1800,0,1996,0,98030,47.3643,-122.185,1770,7570
2127,4345000510,20150428T000000,325000.0,3,2.5,1800,8518,2.0,0,0,3,7,1800,0,1996,0,98030,47.3643,-122.185,1770,7570
2493,9407110710,20141107T000000,195000.0,3,1.75,1510,8400,1.0,0,0,2,7,980,530,1979,0,98045,47.4476,-121.771,1500,10125
2494,9407110710,20150226T000000,322000.0,3,1.75,1510,8400,1.0,0,0,2,7,980,530,1979,0,98045,47.4476,-121.771,1500,10125
2496,1000102,20140916T000000,280000.0,6,3.0,2400,9373,2.0,0,0,3,7,2400,0,1991,0,98002,47.3262,-122.214,2060,7316
2497,1000102,20150422T000000,300000.0,6,3.0,2400,9373,2.0,0,0,3,7,2400,0,1991,0,98002,47.3262,-122.214,2060,7316
2502,1781500435,20140820T000000,260000.0,3,1.75,1580,7344,1.0,0,0,5,7,1580,0,1911,0,98126,47.5256,-122.38,1580,6207
2503,1781500435,20150225T000000,575000.0,3,1.75,1580,7344,1.0,0,0,5,7,1580,0,1911,0,98126,47.5256,-122.38,1580,6207
2531,1232000810,20140912T000000,340000.0,3,2.5,1400,4800,1.0,0,0,3,7,1200,200,1921,0,98117,47.6865,-122.379,1440,3840
2532,1232000810,20150326T000000,537000.0,3,2.5,1400,4800,1.0,0,0,3,7,1200,200,1921,0,98117,47.6865,-122.379,1440,3840
2564,7856400240,20140627T000000,1620000.0,4,3.0,3900,9750,1.0,0,4,5,10,2520,1380,1972,0,98006,47.5605,-122.158,3410,9450
2565,7856400240,20150211T000000,1650000.0,4,3.0,3900,9750,1.0,0,4,5,10,2520,1380,1972,0,98006,47.5605,-122.158,3410,9450
2631,7983000200,20141005T000000,169575.0,3,1.0,1300,8284,1.0,0,0,3,7,1300,0,1968,0,98003,47.3327,-122.306,1360,7848
2632,7983000200,20150225T000000,250000.0,3,1.0,1300,8284,1.0,0,0,3,7,1300,0,1968,0,98003,47.3327,-122.306,1360,7848
2976,9136103130,20141201T000000,430000.0,2,1.5,1090,4013,1.5,0,0,3,7,1090,0,1900,0,98103,47.6652,-122.338,1390,4013
2977,9136103130,20150512T000000,685000.0,2,1.5,1090,4013,1.5,0,0,3,7,1090,0,1900,0,98103,47.6652,-122.338,1390,4013
3033,5083000375,20141027T000000,170000.0,3,1.0,1310,9529,1.0,0,0,3,7,1310,0,1956,0,98198,47.4105,-122.295,1330,9529
3034,5083000375,20150319T000000,235000.0,3,1.0,1310,9529,1.0,0,0,3,7,1310,0,1956,0,98198,47.4105,-122.295,1330,9529
3298,7409700215,20140606T000000,550000.0,3,1.5,1900,5000,1.5,0,0,3,7,1640,260,1926,0,98115,47.6779,-122.294,2090,5000
3299,7409700215,20150313T000000,921500.0,3,1.5,1900,5000,1.5,0,0,3,7,1640,260,1926,0,98115,47.6779,-122.294,2090,5000
3540,1823049202,20140610T000000,175000.0,6,1.5,1930,8400,1.0,0,0,3,7,1030,900,1971,0,98146,47.4869,-122.34,1780,9520
3541,1823049202,20150107T000000,326000.0,6,1.5,1930,8400,1.0,0,0,3,7,1030,900,1971,0,98146,47.4869,-122.34,1780,9520
3623,2767602141,20140905T000000,525000.0,3,1.5,1380,4290,1.0,0,0,3,7,1080,300,1955,0,98107,47.674,-122.379,1510,3900
3624,2767602141,20141222T000000,650000.0,3,1.5,1380,4290,1.0,0,0,3,7,1080,300,1955,0,98107,47.674,-122.379,1510,3900
3756,1254200015,20141216T000000,405000.0,3,2.5,2260,5500,1.5,0,0,3,7,1280,980,1910,0,98117,47.681,-122.388,1790,5355
3757,1254200015,20150408T000000,625000.0,3,2.5,2260,5500,1.5,0,0,3,7,1280,980,1910,0,98117,47.681,-122.388,1790,5355
3785,723049156,20140523T000000,149000.0,3,1.0,1700,8645,1.0,0,0,3,6,1700,0,1955,0,98146,47.4899,-122.337,1500,7980
3786,723049156,20141112T000000,284700.0,3,1.0,1700,8645,1.0,0,0,3,6,1700,0,1955,0,98146,47.4899,-122.337,1500,7980
3793,4435000705,20140708T000000,160000.0,3,1.0,1350,8700,1.5,0,0,3,6,1350,0,1942,0,98188,47.4497,-122.289,1300,8700
3794,4435000705,20150309T000000,255500.0,3,1.0,1350,8700,1.5,0,0,3,6,1350,0,1942,0,98188,47.4497,-122.289,1300,8700
3878,4364700600,20141216T000000,216000.0,3,1.0,1010,7920,1.0,0,0,3,6,1010,0,1925,0,98126,47.5249,-122.37,1520,7560
3879,4364700600,20150330T000000,390000.0,3,1.0,1010,7920,1.0,0,0,3,6,1010,0,1925,0,98126,47.5249,-122.37,1520,7560
3950,1825069031,20140814T000000,550000.0,4,1.75,2410,8447,2.0,0,3,4,8,2060,350,1936,1980,98074,47.6499,-122.088,2520,14789
3951,1825069031,20141016T000000,550000.0,4,1.75,2410,8447,2.0,0,3,4,8,2060,350,1936,1980,98074,47.6499,-122.088,2520,14789
4077,3262300940,20141107T000000,875000.0,3,1.0,1220,8119,1.0,0,0,4,7,1220,0,1955,0,98039,47.6328,-122.236,1910,8119
4078,3262300940,20150210T000000,940000.0,3,1.0,1220,8119,1.0,0,0,4,7,1220,0,1955,0,98039,47.6328,-122.236,1910,8119
4342,9353300600,20140624T000000,348500.0,3,1.5,1360,10726,1.0,0,0,4,7,1360,0,1966,0,98059,47.4948,-122.134,1650,10726
4343,9353300600,20150326T000000,370000.0,3,1.5,1360,10726,1.0,0,0,4,7,1360,0,1966,0,98059,47.4948,-122.134,1650,10726
4872,1524079093,20140827T000000,275000.0,3,1.75,1300,20700,1.0,0,0,3,7,1300,0,1962,0,98024,47.5587,-121.904,1930,37638
4873,1524079093,20150318T000000,369500.0,3,1.75,1300,20700,1.0,0,0,3,7,1300,0,1962,0,98024,47.5587,-121.904,1930,37638
4922,9809000020,20140513T000000,1895000.0,5,2.25,3120,16672,2.0,0,0,4,9,3120,0,1969,0,98004,47.6458,-122.219,3740,17853
4923,9809000020,20150313T000000,1940000.0,5,2.25,3120,16672,2.0,0,0,4,9,3120,0,1969,0,98004,47.6458,-122.219,3740,17853
5244,3303000130,20150116T000000,370000.0,3,2.25,1770,7667,1.0,0,0,3,8,1270,500,1966,0,98177,47.7724,-122.362,2180,8103
5245,3303000130,20150428T000000,520000.0,3,2.25,1770,7667,1.0,0,0,3,8,1270,500,1966,0,98177,47.7724,-122.362,2180,8103
5251,7524400250,20140822T000000,424240.0,3,2.0,2080,12094,2.0,0,0,4,8,2080,0,1982,0,98052,47.7035,-122.164,2230,12204
5252,7524400250,20141124T000000,589950.0,3,2.0,2080,12094,2.0,0,0,4,8,2080,0,1982,0,98052,47.7035,-122.164,2230,12204
5272,4204400098,20150119T000000,250000.0,5,1.75,2190,8250,1.0,0,2,3,7,1190,1000,1963,0,98055,47.4887,-122.223,2570,8250
5273,4204400098,20150421T000000,385000.0,5,1.75,2190,8250,1.0,0,2,3,7,1190,1000,1963,0,98055,47.4887,-122.223,2570,8250
5340,6632900574,20140806T000000,367500.0,5,3.0,2980,10064,1.0,0,0,3,7,1680,1300,1940,0,98155,47.7372,-122.316,1590,7800
5341,6632900574,20150225T000000,595000.0,5,3.0,2980,10064,1.0,0,0,3,7,1680,1300,1940,0,98155,47.7372,-122.316,1590,7800
5592,2726049071,20141211T000000,510000.0,2,1.0,820,4206,1.0,0,0,3,5,820,0,1949,0,98125,47.7076,-122.284,1810,7200
5593,2726049071,20150408T000000,489950.0,2,1.0,820,4206,1.0,0,0,3,5,820,0,1949,0,98125,47.7076,-122.284,1810,7200
5694,3578401060,20141216T000000,345000.0,3,2.25,1920,9672,2.0,0,0,4,8,1920,0,1984,0,98074,47.6233,-122.046,1950,10125
5695,3578401060,20150504T000000,625000.0,3,2.25,1920,9672,2.0,0,0,4,8,1920,0,1984,0,98074,47.6233,-122.046,1950,10125
5723,1788800630,20141029T000000,96500.0,3,1.0,840,12091,1.0,0,0,3,6,840,0,1959,0,98023,47.3281,-122.343,840,9324
5724,1788800630,20150225T000000,185000.0,3,1.0,840,12091,1.0,0,0,3,6,840,0,1959,0,98023,47.3281,-122.343,840,9324
5756,6381500170,20140826T000000,235000.0,2,1.0,910,7617,1.0,0,0,3,6,910,0,1936,0,98125,47.7332,-122.305,1310,6624
5757,6381500170,20150116T000000,365000.0,2,1.0,910,7617,1.0,0,0,3,6,910,0,1936,0,98125,47.7332,-122.305,1310,6624
5758,1954420170,20140521T000000,368250.0,3,2.5,2150,7484,2.0,0,0,3,8,2150,0,1988,0,98074,47.6191,-122.043,2150,6879
5759,1954420170,20141113T000000,580000.0,3,2.5,2150,7484,2.0,0,0,3,8,2150,0,1988,0,98074,47.6191,-122.043,2150,6879
5972,1545800290,20140905T000000,215000.0,4,2.5,1700,6675,2.0,0,0,3,7,1700,0,1997,0,98038,47.3638,-122.053,1570,7540
5973,1545800290,20150408T000000,315000.0,4,2.5,1700,6675,2.0,0,0,3,7,1700,0,1997,0,98038,47.3638,-122.053,1570,7540
6345,9828200460,20140627T000000,260000.0,2,1.0,700,4800,1.0,0,0,3,7,700,0,1922,0,98122,47.6147,-122.3,1440,4800
6346,9828200460,20150106T000000,430000.0,2,1.0,700,4800,1.0,0,0,3,7,700,0,1922,0,98122,47.6147,-122.3,1440,4800
6371,9222400605,20141115T000000,842500.0,5,4.0,2980,4500,1.5,0,0,3,7,2070,910,1921,0,98115,47.6736,-122.323,1560,4225
6372,9222400605,20150411T000000,850000.0,5,4.0,2980,4500,1.5,0,0,3,7,2070,910,1921,0,98115,47.6736,-122.323,1560,4225
6434,8832900780,20141013T000000,480000.0,5,2.0,1760,21562,1.0,0,1,3,8,1560,200,1959,0,98028,47.7597,-122.263,2150,12676
6435,8832900780,20150408T000000,647500.0,5,2.0,1760,21562,1.0,0,1,3,8,1560,200,1959,0,98028,47.7597,-122.263,2150,12676
6533,8645530010,20140515T000000,225000.0,3,2.0,1400,7384,1.0,0,0,3,7,1150,250,1979,0,98058,47.4655,-122.174,1820,7992
6534,8645530010,20150325T000000,295000.0,3,2.0,1400,7384,1.0,0,0,3,7,1150,250,1979,0,98058,47.4655,-122.174,1820,7992
6630,3323059027,20140528T000000,326000.0,3,2.75,1720,28000,1.0,0,0,4,7,1720,0,1958,0,98058,47.4375,-122.176,2000,41817
6631,3323059027,20150225T000000,340000.0,3,2.75,1720,28000,1.0,0,0,4,7,1720,0,1958,0,98058,47.4375,-122.176,2000,41817
6719,5417600130,20141010T000000,244500.0,2,1.0,910,9000,1.0,0,0,3,5,910,0,1923,0,98065,47.526,-121.81,1290,9000
6720,5417600130,20150512T000000,301000.0,2,1.0,910,9000,1.0,0,0,3,5,910,0,1923,0,98065,47.526,-121.81,1290,9000
6789,8651510380,20140821T000000,310000.0,3,2.0,2070,9195,1.0,0,0,3,8,1220,850,1982,0,98074,47.6491,-122.061,2080,9551
6790,8651510380,20141216T000000,539000.0,3,2.0,2070,9195,1.0,0,0,3,8,1220,850,1982,0,98074,47.6491,-122.061,2080,9551
6902,5249801440,20141216T000000,250000.0,3,1.0,1660,7650,1.5,0,0,3,7,1350,310,1910,0,98118,47.5576,-122.277,1750,5760
6903,5249801440,20150422T000000,570000.0,3,1.0,1660,7650,1.5,0,0,3,7,1350,310,1910,0,98118,47.5576,-122.277,1750,5760
7178,526059224,20140923T000000,260000.0,4,1.75,1650,7276,1.0,0,0,3,7,1010,640,1977,0,98011,47.7721,-122.206,1840,8550
7179,526059224,20150206T000000,470000.0,4,1.75,1650,7276,1.0,0,0,3,7,1010,640,1977,0,98011,47.7721,-122.206,1840,8550
7245,1446403850,20140916T000000,118125.0,2,1.0,790,7153,1.0,0,0,4,6,790,0,1944,0,98168,47.4869,-122.324,810,7128
7246,1446403850,20150114T000000,212000.0,2,1.0,790,7153,1.0,0,0,4,6,790,0,1944,0,98168,47.4869,-122.324,810,7128
7792,251300110,20140731T000000,225000.0,3,2.25,2510,12013,2.0,0,0,3,8,2510,0,1988,0,98003,47.3473,-122.314,1870,8017
7793,251300110,20150114T000000,358000.0,3,2.25,2510,12013,2.0,0,0,3,8,2510,0,1988,0,98003,47.3473,-122.314,1870,8017
7845,4139420590,20140520T000000,1212500.0,4,3.5,4560,16643,1.0,0,3,3,12,2230,2330,1995,0,98006,47.5521,-122.115,4060,15177
7846,4139420590,20140827T000000,1200000.0,4,3.5,4560,16643,1.0,0,3,3,12,2230,2330,1995,0,98006,47.5521,-122.115,4060,15177
7847,2621600015,20150121T000000,120000.0,3,1.0,1150,8924,1.0,0,0,3,6,1150,0,1943,0,98030,47.3865,-122.217,1492,8924
7848,2621600015,20150430T000000,175000.0,3,1.0,1150,8924,1.0,0,0,3,6,1150,0,1943,0,98030,47.3865,-122.217,1492,8924
8011,2206700215,20140822T000000,375000.0,4,2.0,2070,9822,1.0,0,0,5,7,2070,0,1955,0,98006,47.566,-122.14,1300,9572
8012,2206700215,20150422T000000,550000.0,4,2.0,2070,9822,1.0,0,0,5,7,2070,0,1955,0,98006,47.566,-122.14,1300,9572
8125,2787460720,20150227T000000,200000.0,3,2.0,1010,7896,1.0,0,0,3,7,1010,0,1984,0,98031,47.4046,-122.181,1540,7896
8126,2787460720,20150506T000000,259950.0,3,2.0,1010,7896,1.0,0,0,3,7,1010,0,1984,0,98031,47.4046,-122.181,1540,7896
8274,3883800011,20141105T000000,82000.0,3,1.0,860,10426,1.0,0,0,3,6,860,0,1954,0,98146,47.4987,-122.341,1140,11250
8275,3883800011,20150408T000000,219900.0,3,1.0,860,10426,1.0,0,0,3,6,860,0,1954,0,98146,47.4987,-122.341,1140,11250
8340,4154300296,20140926T000000,235000.0,3,1.0,960,5030,1.0,0,0,3,7,960,0,1955,0,98118,47.5611,-122.28,1460,5400
8341,4154300296,20150318T000000,545000.0,3,1.0,960,5030,1.0,0,0,3,7,960,0,1955,0,98118,47.5611,-122.28,1460,5400
8433,1721801010,20140903T000000,225000.0,3,1.0,1790,6120,1.0,0,0,3,6,1790,0,1937,1964,98146,47.508,-122.337,830,6120
8434,1721801010,20150424T000000,302100.0,3,1.0,1790,6120,1.0,0,0,3,6,1790,0,1937,1964,98146,47.508,-122.337,830,6120
8505,1237500540,20141021T000000,225000.0,3,1.75,1370,10866,1.0,0,0,4,6,1370,0,1945,0,98052,47.6774,-122.164,1580,14250
8506,1237500540,20141222T000000,270000.0,3,1.75,1370,10866,1.0,0,0,4,6,1370,0,1945,0,98052,47.6774,-122.164,1580,14250
8532,5101405604,20140814T000000,350000.0,1,1.0,900,6380,1.0,0,0,3,6,900,0,1947,0,98125,47.7019,-122.311,1830,6380
8533,5101405604,20150428T000000,395000.0,1,1.0,900,6380,1.0,0,0,3,6,900,0,1947,0,98125,47.7019,-122.311,1830,6380
8630,5127001320,20141125T000000,190000.0,3,1.75,1520,9600,1.0,0,0,4,7,1520,0,1967,0,98059,47.473,-122.149,1590,10183
8631,5127001320,20150223T000000,314950.0,3,1.75,1520,9600,1.0,0,0,4,7,1520,0,1967,0,98059,47.473,-122.149,1590,10183
8904,5282200015,20140527T000000,525000.0,5,3.0,2750,3800,1.5,0,0,5,7,1750,1000,1926,0,98115,47.6845,-122.313,1900,3800
8905,5282200015,20150126T000000,840000.0,5,3.0,2750,3800,1.5,0,0,5,7,1750,1000,1926,0,98115,47.6845,-122.313,1900,3800
8915,7977201065,20141104T000000,350000.0,3,1.75,1380,4590,1.0,0,0,2,7,930,450,1950,0,98115,47.6841,-122.293,1320,4692
8916,7977201065,20150305T000000,740000.0,3,1.75,1380,4590,1.0,0,0,2,7,930,450,1950,0,98115,47.6841,-122.293,1320,4692
9016,3739500096,20150126T000000,229000.0,3,2.0,1540,6000,1.0,0,0,4,6,1540,0,1953,0,98155,47.7372,-122.307,1490,8213
9017,3739500096,20150505T000000,430000.0,3,2.0,1540,6000,1.0,0,0,4,6,1540,0,1953,0,98155,47.7372,-122.307,1490,8213
9114,1568100300,20140917T000000,350000.0,6,4.5,3500,8504,2.0,0,0,3,7,3500,0,1980,0,98155,47.7351,-122.295,1550,8460
9115,1568100300,20150121T000000,682500.0,6,4.5,3500,8504,2.0,0,0,3,7,3500,0,1980,0,98155,47.7351,-122.295,1550,8460
9120,1922059278,20141014T000000,145000.0,3,1.0,1010,11880,1.0,0,0,3,7,1010,0,1960,0,98030,47.3762,-122.219,1150,9435
9121,1922059278,20150305T000000,255000.0,3,1.0,1010,11880,1.0,0,0,3,7,1010,0,1960,0,98030,47.3762,-122.219,1150,9435
9234,302000375,20140814T000000,169100.0,3,2.0,1050,18304,1.0,0,0,4,7,1050,0,1953,0,98001,47.3206,-122.269,1690,15675
9235,302000375,20150506T000000,250000.0,3,2.0,1050,18304,1.0,0,0,4,7,1050,0,1953,0,98001,47.3206,-122.269,1690,15675
9275,722039087,20140923T000000,220500.0,2,1.0,990,57499,1.0,0,0,2,6,990,0,1949,0,98070,47.4145,-122.463,2090,27442
9276,722039087,20150504T000000,329000.0,2,1.0,990,57499,1.0,0,0,2,6,990,0,1949,0,98070,47.4145,-122.463,2090,27442
9277,8129700644,20140703T000000,715000.0,3,4.0,2080,2250,3.0,0,4,3,8,2080,0,1997,0,98103,47.6598,-122.355,2080,2250
9278,8129700644,20150424T000000,780000.0,3,4.0,2080,2250,3.0,0,4,3,8,2080,0,1997,0,98103,47.6598,-122.355,2080,2250
9279,4443800385,20140818T000000,410000.0,2,1.0,1480,4080,1.0,0,0,3,7,1050,430,1949,0,98117,47.6842,-122.393,1310,4080
9280,4443800385,20150506T000000,778100.0,2,1.0,1480,4080,1.0,0,0,3,7,1050,430,1949,0,98117,47.6842,-122.393,1310,4080
9392,2212200100,20141022T000000,229950.0,4,2.5,2150,7670,1.0,0,0,5,7,1240,910,1976,0,98031,47.3942,-122.189,1610,7350
9393,2212200100,20150422T000000,344900.0,4,2.5,2150,7670,1.0,0,0,5,7,1240,910,1976,0,98031,47.3942,-122.189,1610,7350
9439,4302201085,20140918T000000,248000.0,3,1.0,1470,7680,1.0,0,0,3,7,1220,250,1946,0,98106,47.5276,-122.359,1470,6784
9440,4302201085,20150506T000000,546940.0,3,1.0,1470,7680,1.0,0,0,3,7,1220,250,1946,0,98106,47.5276,-122.359,1470,6784
9489,5054800110,20141016T000000,238000.0,5,2.25,2240,9652,2.0,0,0,3,7,2240,0,1990,0,98055,47.4249,-122.211,2180,11644
9490,5054800110,20150213T000000,328000.0,5,2.25,2240,9652,2.0,0,0,3,7,2240,0,1990,0,98055,47.4249,-122.211,2180,11644
9506,8103000110,20140603T000000,280000.0,2,1.5,1480,15641,1.0,0,0,4,7,1480,0,1940,0,98146,47.5008,-122.366,1520,7525
9507,8103000110,20150205T000000,490000.0,2,1.5,1480,15641,1.0,0,0,4,7,1480,0,1940,0,98146,47.5008,-122.366,1520,7525
9720,2568300045,20140625T000000,305000.0,6,2.0,1900,8240,1.0,0,0,2,7,1200,700,1964,0,98125,47.7037,-122.296,1900,8240
9721,2568300045,20150319T000000,649950.0,6,2.0,1900,8240,1.0,0,0,2,7,1200,700,1964,0,98125,47.7037,-122.296,1900,8240
9820,3598600049,20141003T000000,124000.0,1,0.75,840,7203,1.5,0,0,3,6,840,0,1949,0,98168,47.4756,-122.301,1560,8603
9821,3598600049,20150424T000000,224000.0,1,0.75,840,7203,1.5,0,0,3,6,840,0,1949,0,98168,47.4756,-122.301,1560,8603
9876,1219000473,20140626T000000,164950.0,3,1.75,1570,15330,1.0,0,0,3,7,1080,490,1956,0,98166,47.4608,-122.34,1250,13330
9877,1219000473,20150323T000000,371000.0,3,1.75,1570,15330,1.0,0,0,3,7,1080,490,1956,0,98166,47.4608,-122.34,1250,13330
10221,3293700496,20140814T000000,270000.0,4,1.75,1850,7730,1.0,0,0,5,7,1100,750,1956,0,98133,47.7481,-122.355,2260,8581
10222,3293700496,20141204T000000,450000.0,4,1.75,1850,7730,1.0,0,0,5,7,1100,750,1956,0,98133,47.7481,-122.355,2260,8581
10226,8945100320,20140506T000000,136500.0,3,1.5,1420,8580,1.0,0,0,3,6,1420,0,1962,0,98023,47.3076,-122.362,1200,8580
10227,8945100320,20141008T000000,224097.0,3,1.5,1420,8580,1.0,0,0,3,6,1420,0,1962,0,98023,47.3076,-122.362,1200,8580
10253,2422049104,20140915T000000,85000.0,2,1.0,830,9000,1.0,0,0,3,6,830,0,1939,0,98032,47.3813,-122.243,1160,7680
10254,2422049104,20141230T000000,235000.0,2,1.0,830,9000,1.0,0,0,3,6,830,0,1939,0,98032,47.3813,-122.243,1160,7680
10257,1995200200,20140506T000000,313950.0,3,1.0,1510,6083,1.0,0,0,4,6,860,650,1940,0,98115,47.6966,-122.324,1510,5712
10258,1995200200,20141008T000000,415000.0,3,1.0,1510,6083,1.0,0,0,4,6,860,650,1940,0,98115,47.6966,-122.324,1510,5712
10272,1450100390,20140905T000000,125000.0,3,1.0,920,7314,1.0,0,0,3,6,920,0,1960,0,98002,47.2892,-122.22,1010,7420
10273,1450100390,20150316T000000,208000.0,3,1.0,920,7314,1.0,0,0,3,6,920,0,1960,0,98002,47.2892,-122.22,1010,7420
10319,6623400187,20140923T000000,185000.0,4,1.0,1760,8906,1.0,0,0,3,7,1230,530,1966,0,98055,47.4288,-122.198,1180,10407
10320,6623400187,20150220T000000,365000.0,4,1.0,1760,8906,1.0,0,0,3,7,1230,530,1966,0,98055,47.4288,-122.198,1180,10407
10610,2767603612,20140512T000000,500000.0,2,2.25,1290,1334,3.0,0,0,3,8,1290,0,2007,0,98107,47.6719,-122.382,1350,1334
10611,2767603612,20150113T000000,489000.0,2,2.25,1290,1334,3.0,0,0,3,8,1290,0,2007,0,98107,47.6719,-122.382,1350,1334
10916,7227800055,20140909T000000,199500.0,4,2.0,1750,8116,1.0,0,0,4,5,1750,0,1943,0,98056,47.5097,-122.181,1440,7865
10917,7227800055,20141124T000000,247000.0,4,2.0,1750,8116,1.0,0,0,4,5,1750,0,1943,0,98056,47.5097,-122.181,1440,7865
10969,3271300955,20140703T000000,554729.0,4,2.5,2020,4350,2.0,0,0,5,9,1730,290,1943,0,98199,47.6503,-122.41,1620,5800
10970,3271300955,20150224T000000,868000.0,4,2.5,2020,4350,2.0,0,0,5,9,1730,290,1943,0,98199,47.6503,-122.41,1620,5800
11061,6141100320,20140707T000000,245000.0,2,1.0,1500,6685,1.0,0,0,3,7,1190,310,1926,0,98133,47.7186,-122.354,1420,6561
11062,6141100320,20150213T000000,570000.0,2,1.0,1500,6685,1.0,0,0,3,7,1190,310,1926,0,98133,47.7186,-122.354,1420,6561
11194,1139600270,20140701T000000,300000.0,3,2.75,2090,9620,1.0,0,0,3,8,1340,750,1987,0,98023,47.2741,-122.337,2150,9660
11195,1139600270,20150324T000000,310000.0,3,2.75,2090,9620,1.0,0,0,3,8,1340,750,1987,0,98023,47.2741,-122.337,2150,9660
11202,8161020060,20140620T000000,443500.0,4,2.5,2040,21781,2.0,0,0,3,8,2040,0,1994,0,98014,47.6458,-121.904,2410,21781
11203,8161020060,20150414T000000,471000.0,4,2.5,2040,21781,2.0,0,0,3,8,2040,0,1994,0,98014,47.6458,-121.904,2410,21781
11287,5101402435,20140603T000000,312000.0,3,2.25,1540,5338,1.0,0,0,5,7,770,770,1954,0,98115,47.6942,-122.304,1680,6525
11288,5101402435,20150304T000000,539000.0,3,2.25,1540,5338,1.0,0,0,5,7,770,770,1954,0,98115,47.6942,-122.304,1680,6525
11362,7701960990,20140616T000000,862000.0,4,2.5,3190,14565,2.0,0,0,3,11,3190,0,1990,0,98077,47.713,-122.072,3420,20475
11363,7701960990,20140819T000000,870000.0,4,2.5,3190,14565,2.0,0,0,3,11,3190,0,1990,0,98077,47.713,-122.072,3420,20475
11433,109200390,20140820T000000,245000.0,3,1.75,1480,3900,1.0,0,0,4,7,1480,0,1980,0,98023,47.2977,-122.367,1830,6956
11434,109200390,20141020T000000,250000.0,3,1.75,1480,3900,1.0,0,0,4,7,1480,0,1980,0,98023,47.2977,-122.367,1830,6956
11458,4305200070,20140519T000000,350000.0,3,2.25,1640,7200,2.0,0,0,4,8,1640,0,1985,0,98007,47.5948,-122.153,1830,8372
11459,4305200070,20140922T000000,561000.0,3,2.25,1640,7200,2.0,0,0,4,8,1640,0,1985,0,98007,47.5948,-122.153,1830,8372
11586,8807810890,20140827T000000,259875.0,3,1.0,1250,21303,1.0,0,0,3,6,1250,0,1970,0,98053,47.6625,-122.059,1250,17920
11587,8807810890,20141105T000000,385000.0,3,1.0,1250,21303,1.0,0,0,3,6,1250,0,1970,0,98053,47.6625,-122.059,1250,17920
11775,2892700041,20140714T000000,168000.0,3,1.5,1370,7439,1.0,0,0,4,6,1370,0,1963,0,98055,47.4499,-122.189,2350,3370
11776,2892700041,20150128T000000,238000.0,3,1.5,1370,7439,1.0,0,0,4,6,1370,0,1963,0,98055,47.4499,-122.189,2350,3370
12030,7230400400,20140926T000000,240000.0,3,2.0,1220,17652,1.0,0,0,4,7,1220,0,1980,0,98059,47.4712,-122.1,1990,17652
12031,7230400400,20150326T000000,415500.0,3,2.0,1220,17652,1.0,0,0,4,7,1220,0,1980,0,98059,47.4712,-122.1,1990,17652
12065,1036400200,20150213T000000,661000.0,4,1.75,1670,13125,1.0,0,0,5,8,1670,0,1973,0,98052,47.6315,-122.101,2360,12500
12066,1036400200,20150429T000000,697000.0,4,1.75,1670,13125,1.0,0,0,5,8,1670,0,1973,0,98052,47.6315,-122.101,2360,12500
12121,7520000695,20141104T000000,151100.0,3,1.0,840,4495,1.0,0,0,3,6,840,0,1921,0,98146,47.496,-122.349,1260,7434
12122,7520000695,20150421T000000,251000.0,3,1.0,840,4495,1.0,0,0,3,6,840,0,1921,0,98146,47.496,-122.349,1260,7434
12208,4031000520,20140708T000000,115000.0,1,2.0,1150,9812,1.0,0,0,4,7,1150,0,1962,0,98001,47.2951,-122.284,1200,9812
12209,4031000520,20141125T000000,227000.0,1,2.0,1150,9812,1.0,0,0,4,7,1150,0,1962,0,98001,47.2951,-122.284,1200,9812
12332,5430300171,20140703T000000,430000.0,3,1.5,1810,5080,1.0,0,0,3,7,1030,780,1958,0,98115,47.6819,-122.287,1780,7620
12333,5430300171,20150129T000000,615500.0,3,1.5,1810,5080,1.0,0,0,3,7,1030,780,1958,0,98115,47.6819,-122.287,1780,7620
12338,5132000140,20140618T000000,175000.0,6,1.0,1370,5080,1.5,0,0,3,6,1120,250,1931,0,98106,47.5238,-122.35,1020,5080
12339,5132000140,20150120T000000,415000.0,6,1.0,1370,5080,1.5,0,0,3,6,1120,250,1931,0,98106,47.5238,-122.35,1020,5080
12377,7899800045,20140828T000000,107000.0,3,1.5,910,5120,1.0,0,0,3,6,910,0,1973,0,98106,47.5238,-122.356,1410,5132
12378,7899800045,20141202T000000,232900.0,3,1.5,910,5120,1.0,0,0,3,6,910,0,1973,0,98106,47.5238,-122.356,1410,5132
12388,3935900232,20140929T000000,207000.0,3,1.0,920,5546,1.0,0,0,2,6,920,0,1928,0,98125,47.7114,-122.284,1300,5546
12389,3935900232,20150112T000000,237000.0,3,1.0,920,5546,1.0,0,0,2,6,920,0,1928,0,98125,47.7114,-122.284,1300,5546
12417,123039336,20140611T000000,148000.0,1,1.0,620,8261,1.0,0,0,3,5,620,0,1939,0,98106,47.5138,-122.364,1180,8244
12418,123039336,20141208T000000,244900.0,1,1.0,620,8261,1.0,0,0,3,5,620,0,1939,0,98106,47.5138,-122.364,1180,8244
12434,1217000340,20140606T000000,185000.0,3,1.0,1840,8100,1.0,0,0,4,7,920,920,1953,0,98166,47.455,-122.35,1250,8100
12435,1217000340,20150219T000000,340000.0,3,1.0,1840,8100,1.0,0,0,4,7,920,920,1953,0,98166,47.455,-122.35,1250,8100
12832,9238500040,20140624T000000,400000.0,3,2.5,2970,23100,1.0,0,0,3,7,1510,1460,1967,0,98072,47.7735,-122.133,2390,20300
12833,9238500040,20150210T000000,599000.0,3,2.5,2970,23100,1.0,0,0,3,7,1510,1460,1967,0,98072,47.7735,-122.133,2390,20300
12920,8910500150,20140529T000000,329932.0,3,1.5,1460,5040,1.0,0,0,3,7,1100,360,1971,0,98133,47.7112,-122.357,2330,7560
12921,8910500150,20150120T000000,539000.0,3,1.5,1460,5040,1.0,0,0,3,7,1100,360,1971,0,98133,47.7112,-122.357,2330,7560
12955,2019200220,20140923T000000,160000.0,3,2.25,1470,8682,1.0,0,0,3,7,1160,310,1985,0,98003,47.2729,-122.299,1670,8359
12956,2019200220,20150226T000000,269000.0,3,2.25,1470,8682,1.0,0,0,3,7,1160,310,1985,0,98003,47.2729,-122.299,1670,8359
13023,9211500620,20141008T000000,182700.0,3,2.25,1740,6650,1.0,0,0,3,7,1240,500,1978,0,98023,47.2979,-122.379,1740,7000
13024,9211500620,20150428T000000,305000.0,3,2.25,1740,6650,1.0,0,0,3,7,1240,500,1978,0,98023,47.2979,-122.379,1740,7000
13183,1523049207,20140805T000000,161000.0,4,2.0,1700,8043,1.0,0,0,3,7,850,850,1954,0,98168,47.4758,-122.288,1540,13260
13184,1523049207,20150114T000000,220000.0,4,2.0,1700,8043,1.0,0,0,3,7,850,850,1954,0,98168,47.4758,-122.288,1540,13260
13298,7167000040,20140813T000000,740000.0,4,3.0,3350,199253,2.0,0,0,3,10,3350,0,2004,0,98010,47.3602,-121.988,3350,183897
13299,7167000040,20150305T000000,700000.0,4,3.0,3350,199253,2.0,0,0,3,10,3350,0,2004,0,98010,47.3602,-121.988,3350,183897
13617,3185600040,20140522T000000,180000.0,2,1.0,1400,4500,1.0,0,0,3,7,900,500,1922,0,98055,47.4866,-122.219,1400,5500
13618,3185600040,20141224T000000,310000.0,2,1.0,1400,4500,1.0,0,0,3,7,900,500,1922,0,98055,47.4866,-122.219,1400,5500
13628,2023049218,20140716T000000,105500.0,2,1.0,930,7740,1.0,0,0,1,5,930,0,1932,0,98148,47.4611,-122.324,1620,8584
13629,2023049218,20150316T000000,445000.0,2,1.0,930,7740,1.0,0,0,1,5,930,0,1932,0,98148,47.4611,-122.324,1620,8584
13659,3432501415,20140714T000000,265000.0,3,1.75,1170,8148,1.0,0,0,3,7,1170,0,1952,0,98155,47.7479,-122.318,1200,8147
13660,3432501415,20141111T000000,399000.0,3,1.75,1170,8148,1.0,0,0,3,7,1170,0,1952,0,98155,47.7479,-122.318,1200,8147
13692,937000330,20141224T000000,157000.0,3,1.5,1170,11530,1.0,0,0,3,7,1170,0,1960,0,98198,47.4211,-122.29,1550,8605
13693,937000330,20150319T000000,246500.0,3,1.5,1170,11530,1.0,0,0,3,7,1170,0,1960,0,98198,47.4211,-122.29,1550,8605
13734,5332200530,20140613T000000,910000.0,5,2.5,2350,4000,2.0,0,0,3,9,2350,0,1993,0,98112,47.6265,-122.296,1840,4000
13735,5332200530,20150424T000000,1015000.0,5,2.5,2350,4000,2.0,0,0,3,9,2350,0,1993,0,98112,47.6265,-122.296,1840,4000
13756,1788900230,20140722T000000,86500.0,3,1.0,840,9480,1.0,0,0,3,6,840,0,1960,0,98023,47.3277,-122.341,840,9420
13757,1788900230,20150403T000000,199950.0,3,1.0,840,9480,1.0,0,0,3,6,840,0,1960,0,98023,47.3277,-122.341,840,9420
14220,1250201165,20141121T000000,441000.0,5,2.5,2000,3600,1.0,0,0,3,6,1150,850,1987,0,98144,47.5971,-122.295,1410,3600
14221,1250201165,20150317T000000,474500.0,5,2.5,2000,3600,1.0,0,0,3,6,1150,850,1987,0,98144,47.5971,-122.295,1410,3600
14307,3528000040,20141001T000000,1690000.0,3,3.25,5290,224442,2.0,0,0,4,11,4540,750,1988,0,98053,47.6671,-122.051,3750,84936
14308,3528000040,20150326T000000,1800000.0,3,3.25,5290,224442,2.0,0,0,4,11,4540,750,1988,0,98053,47.6671,-122.051,3750,84936
14366,3333002450,20140708T000000,165000.0,1,1.0,850,8050,1.0,0,0,2,6,850,0,1906,0,98118,47.5427,-122.288,1590,5180
14367,3333002450,20150122T000000,490000.0,1,1.0,850,8050,1.0,0,0,2,6,850,0,1906,0,98118,47.5427,-122.288,1590,5180
14484,3523069060,20141107T000000,290000.0,3,1.75,1340,63597,1.0,0,0,4,7,1340,0,1963,0,98038,47.4379,-122.011,1950,87120
14485,3523069060,20150401T000000,415000.0,3,1.75,1340,63597,1.0,0,0,4,7,1340,0,1963,0,98038,47.4379,-122.011,1950,87120
14574,1432400120,20141111T000000,165000.0,3,1.0,1010,7690,1.0,0,0,4,6,1010,0,1958,0,98058,47.4501,-122.176,1010,7619
14575,1432400120,20150508T000000,255000.0,3,1.0,1010,7690,1.0,0,0,4,6,1010,0,1958,0,98058,47.4501,-122.176,1010,7619
14855,324000530,20140708T000000,201500.0,3,1.0,1320,5000,1.5,0,0,3,7,1320,0,1912,0,98116,47.5711,-122.386,1320,4179
14856,324000530,20150323T000000,459000.0,3,1.0,1320,5000,1.5,0,0,3,7,1320,0,1912,0,98116,47.5711,-122.386,1320,4179
14982,6308000010,20141208T000000,585000.0,3,2.5,2290,5089,2.0,0,0,3,9,2290,0,2001,0,98006,47.5443,-122.172,2290,7984
14983,6308000010,20150423T000000,585000.0,3,2.5,2290,5089,2.0,0,0,3,9,2290,0,2001,0,98006,47.5443,-122.172,2290,7984
14993,4222310010,20141226T000000,152500.0,4,1.0,1730,7350,1.5,0,0,4,6,1730,0,1970,0,98003,47.3467,-122.307,1440,7752
14994,4222310010,20150420T000000,267950.0,4,1.0,1730,7350,1.5,0,0,4,6,1730,0,1970,0,98003,47.3467,-122.307,1440,7752
15001,7504021310,20140506T000000,525000.0,3,2.5,2970,11985,1.0,0,0,3,9,1770,1200,1995,0,98074,47.6359,-122.052,2990,12049
15002,7504021310,20141204T000000,745000.0,3,2.5,2970,11985,1.0,0,0,3,9,1770,1200,1995,0,98074,47.6359,-122.052,2990,12049
15146,7961500010,20140806T000000,245000.0,3,2.25,2210,10794,1.0,0,0,3,7,1540,670,1967,0,98178,47.4911,-122.224,2230,10753
15147,7961500010,20150304T000000,520000.0,3,2.25,2210,10794,1.0,0,0,3,7,1540,670,1967,0,98178,47.4911,-122.224,2230,10753
15156,6669020290,20141023T000000,169000.0,3,1.75,1720,9775,1.0,0,0,3,8,1720,0,1978,0,98032,47.3731,-122.286,1970,8400
15157,6669020290,20150304T000000,279950.0,3,1.75,1720,9775,1.0,0,0,3,8,1720,0,1978,0,98032,47.3731,-122.286,1970,8400
15199,9834200305,20140716T000000,350000.0,3,1.0,1790,3876,1.5,0,0,5,7,1090,700,1904,0,98144,47.575,-122.288,1360,4080
15200,9834200305,20150210T000000,615000.0,3,1.0,1790,3876,1.5,0,0,5,7,1090,700,1904,0,98144,47.575,-122.288,1360,4080
15277,2619920170,20141001T000000,772500.0,4,2.5,3230,4290,2.0,0,0,3,9,3230,0,2004,0,98033,47.6874,-122.161,3220,5083
15278,2619920170,20141219T000000,765000.0,4,2.5,3230,4290,2.0,0,0,3,9,3230,0,2004,0,98033,47.6874,-122.161,3220,5083
15299,705730280,20140819T000000,325000.0,3,2.5,1740,5267,2.0,0,0,3,7,1740,0,1999,0,98038,47.3777,-122.023,2180,5000
15300,705730280,20150421T000000,335000.0,3,2.5,1740,5267,2.0,0,0,3,7,1740,0,1999,0,98038,47.3777,-122.023,2180,5000
15365,7972000010,20140520T000000,120750.0,3,1.75,1140,9628,1.0,0,0,4,7,1140,0,1969,0,98023,47.2933,-122.372,1510,9633
15366,7972000010,20141021T000000,195000.0,3,1.75,1140,9628,1.0,0,0,4,7,1140,0,1969,0,98023,47.2933,-122.372,1510,9633
15468,4202400078,20150128T000000,175000.0,2,1.0,1410,7000,1.0,0,0,3,7,1410,0,1968,0,98055,47.4908,-122.223,1540,6000
15469,4202400078,20150428T000000,335000.0,2,1.0,1410,7000,1.0,0,0,3,7,1410,0,1968,0,98055,47.4908,-122.223,1540,6000
15568,2560801222,20140618T000000,180000.0,3,2.25,1990,6350,2.0,0,0,3,7,1990,0,1967,0,98198,47.3822,-122.316,1220,6250
15569,2560801222,20141113T000000,309950.0,3,2.25,1990,6350,2.0,0,0,3,7,1990,0,1967,0,98198,47.3822,-122.316,1220,6250
15607,3904100089,20140801T000000,190000.0,3,1.75,1350,7370,1.0,0,0,4,6,1350,0,1912,0,98118,47.5336,-122.278,1440,6000
15608,3904100089,20150318T000000,300000.0,3,1.75,1350,7370,1.0,0,0,4,6,1350,0,1912,0,98118,47.5336,-122.278,1440,6000
15656,7893805650,20140505T000000,210000.0,5,2.0,2050,10200,1.0,0,0,3,6,1430,620,1956,0,98198,47.4136,-122.333,1940,8625
15657,7893805650,20150313T000000,475000.0,5,2.0,2050,10200,1.0,0,0,3,6,1430,620,1956,0,98198,47.4136,-122.333,1940,8625
15801,2044500213,20140617T000000,310000.0,4,2.0,1870,6000,1.5,0,0,3,7,1870,0,1956,0,98125,47.7155,-122.315,1520,7169
15802,2044500213,20150126T000000,449000.0,4,2.0,1870,6000,1.5,0,0,3,7,1870,0,1956,0,98125,47.7155,-122.315,1520,7169
15810,7129304540,20141220T000000,133000.0,5,2.0,1430,5600,1.5,0,0,3,6,1430,0,1947,0,98118,47.5192,-122.266,1860,5980
15811,7129304540,20150514T000000,440000.0,5,2.0,1430,5600,1.5,0,0,3,6,1430,0,1947,0,98118,47.5192,-122.266,1860,5980
16000,2561340020,20140804T000000,325000.0,3,1.75,1780,11096,1.0,0,0,3,7,1210,570,1979,0,98074,47.617,-122.051,1780,10640
16001,2561340020,20150217T000000,500000.0,3,1.75,1780,11096,1.0,0,0,3,7,1210,570,1979,0,98074,47.617,-122.051,1780,10640
16012,5536100020,20141215T000000,987000.0,3,2.0,2160,15788,1.0,0,0,3,8,2160,0,1951,0,98004,47.6227,-122.207,2260,9787
16013,5536100020,20150512T000000,1190000.0,3,2.0,2160,15788,1.0,0,0,3,8,2160,0,1951,0,98004,47.6227,-122.207,2260,9787
16671,9250900104,20141110T000000,300000.0,5,1.75,2110,8500,1.0,0,0,3,7,1100,1010,1962,0,98133,47.7737,-122.35,2020,8500
16672,9250900104,20150410T000000,496000.0,5,1.75,2110,8500,1.0,0,0,3,7,1100,1010,1962,0,98133,47.7737,-122.35,2020,8500
16814,7200179,20141016T000000,150000.0,2,1.0,840,12750,1.0,0,0,3,6,840,0,1925,0,98055,47.484,-122.211,1480,6969
16815,7200179,20150424T000000,175000.0,2,1.0,840,12750,1.0,0,0,3,6,840,0,1925,0,98055,47.484,-122.211,1480,6969
17066,8651402750,20150218T000000,132825.0,3,1.5,1210,5200,1.0,0,0,5,6,1210,0,1969,0,98042,47.3615,-122.087,1120,5200
17067,8651402750,20150430T000000,219950.0,3,1.5,1210,5200,1.0,0,0,5,6,1210,0,1969,0,98042,47.3615,-122.087,1120,5200
17133,6143000020,20141027T000000,175000.0,3,1.75,1910,17003,1.5,0,0,4,8,1910,0,1963,0,98001,47.3095,-122.283,1820,14806
17134,6143000020,20150406T000000,299000.0,3,1.75,1910,17003,1.5,0,0,4,8,1910,0,1963,0,98001,47.3095,-122.283,1820,14806
17204,4139440480,20140626T000000,695000.0,3,2.75,2590,12063,2.0,0,0,3,10,2590,0,1993,0,98006,47.5527,-122.12,2850,8469
17205,4139440480,20141201T000000,796500.0,3,2.75,2590,12063,2.0,0,0,3,10,2590,0,1993,0,98006,47.5527,-122.12,2850,8469
17280,2473380920,20140813T000000,206325.0,5,2.5,1720,10202,1.5,0,0,3,7,1720,0,1970,0,98058,47.4572,-122.167,1720,8478
17281,2473380920,20150227T000000,339000.0,5,2.5,1720,10202,1.5,0,0,3,7,1720,0,1970,0,98058,47.4572,-122.167,1720,8478
17290,1974300020,20140827T000000,380000.0,4,2.5,2270,11500,1.0,0,0,3,8,1540,730,1967,0,98034,47.7089,-122.241,2020,10918
17291,1974300020,20150218T000000,624900.0,4,2.5,2270,11500,1.0,0,0,3,8,1540,730,1967,0,98034,47.7089,-122.241,2020,10918
17381,641900050,20140819T000000,335000.0,4,2.25,2160,8817,1.0,0,0,3,7,1460,700,1965,0,98133,47.7595,-122.356,1880,8817
17382,641900050,20150206T000000,499950.0,4,2.25,2160,8817,1.0,0,0,3,7,1460,700,1965,0,98133,47.7595,-122.356,1880,8817
17482,7387500235,20140515T000000,340000.0,3,1.75,1960,8136,1.0,0,0,3,7,980,980,1948,0,98106,47.5208,-122.364,1070,7480
17483,7387500235,20150317T000000,363000.0,3,1.75,1960,8136,1.0,0,0,3,7,980,980,1948,0,98106,47.5208,-122.364,1070,7480
17580,1423049019,20140523T000000,90000.0,2,1.0,580,7500,1.0,0,0,3,5,580,0,1943,0,98178,47.4852,-122.251,1700,11250
17581,1423049019,20150331T000000,220000.0,2,1.0,580,7500,1.0,0,0,3,5,580,0,1943,0,98178,47.4852,-122.251,1700,11250
17602,795000620,20140924T000000,115000.0,3,1.0,1080,6250,1.0,0,0,2,5,1080,0,1950,0,98168,47.5045,-122.33,1070,6250
17603,795000620,20141215T000000,124000.0,3,1.0,1080,6250,1.0,0,0,2,5,1080,0,1950,0,98168,47.5045,-122.33,1070,6250
17604,795000620,20150311T000000,157000.0,3,1.0,1080,6250,1.0,0,0,2,5,1080,0,1950,0,98168,47.5045,-122.33,1070,6250
17763,1630700361,20140627T000000,530000.0,4,1.75,2860,48351,1.0,0,0,3,8,1710,1150,1978,0,98077,47.7605,-122.085,2460,43560
17764,1630700361,20150409T000000,583500.0,4,1.75,2860,48351,1.0,0,0,3,8,1710,1150,1978,0,98077,47.7605,-122.085,2460,43560
17851,6791200120,20140923T000000,480000.0,3,2.25,1820,13362,1.0,0,0,3,8,1220,600,1977,0,98075,47.5898,-122.052,2050,15000
17852,6791200120,20150407T000000,515000.0,3,2.25,1820,13362,1.0,0,0,3,8,1220,600,1977,0,98075,47.5898,-122.052,2050,15000
18233,6751300375,20140702T000000,415000.0,3,1.0,1520,9030,1.0,0,0,3,7,1520,0,1956,0,98007,47.587,-122.134,1470,8712
18234,6751300375,20141016T000000,522500.0,3,1.0,1520,9030,1.0,0,0,3,7,1520,0,1956,0,98007,47.587,-122.134,1470,8712
18564,7657000540,20140902T000000,165000.0,4,1.0,1220,7980,1.5,0,0,3,6,1220,0,1944,0,98178,47.4924,-122.237,1210,7920
18565,7657000540,20150304T000000,260000.0,4,1.0,1220,7980,1.5,0,0,3,6,1220,0,1944,0,98178,47.4924,-122.237,1210,7920
18703,3558900590,20141125T000000,360000.0,6,1.75,2230,10080,1.0,0,0,3,7,1390,840,1969,0,98034,47.7089,-122.201,2110,8475
18704,3558900590,20150324T000000,692500.0,6,1.75,2230,10080,1.0,0,0,3,7,1390,840,1969,0,98034,47.7089,-122.201,2110,8475
18705,8121100395,20140624T000000,425000.0,4,1.5,1600,6180,1.5,0,0,3,6,1600,0,1946,0,98118,47.5681,-122.285,1410,6180
18706,8121100395,20150311T000000,645000.0,4,1.5,1600,6180,1.5,0,0,3,6,1600,0,1946,0,98118,47.5681,-122.285,1410,6180
18762,3332000615,20141020T000000,310000.0,3,1.0,1330,3740,1.5,0,0,3,6,1330,0,1903,0,98118,47.5502,-122.274,1330,5053
18763,3332000615,20150422T000000,389000.0,3,1.0,1330,3740,1.5,0,0,3,6,1330,0,1903,0,98118,47.5502,-122.274,1330,5053
18991,7856400300,20140702T000000,1411600.0,2,2.5,3180,9400,2.0,0,4,5,10,2610,570,1985,0,98006,47.5617,-122.158,3760,9450
18992,7856400300,20150322T000000,1505000.0,2,2.5,3180,9400,2.0,0,4,5,10,2610,570,1985,0,98006,47.5617,-122.158,3760,9450
19209,1901600090,20140626T000000,359000.0,5,1.75,1940,6654,1.5,0,0,4,7,1940,0,1953,0,98166,47.4663,-122.359,2300,9500
19210,1901600090,20150426T000000,390000.0,5,1.75,1940,6654,1.5,0,0,4,7,1940,0,1953,0,98166,47.4663,-122.359,2300,9500
19335,6021500970,20140528T000000,345000.0,2,1.0,1080,4000,1.0,0,0,3,7,1080,0,1940,0,98117,47.6902,-122.387,1530,4240
19336,6021500970,20150407T000000,874950.0,2,1.0,1080,4000,1.0,0,0,3,7,1080,0,1940,0,98117,47.6902,-122.387,1530,4240
19552,643300040,20141104T000000,481000.0,4,1.75,1920,9500,1.0,0,0,4,7,1470,450,1966,0,98006,47.5683,-122.177,1820,10091
19553,643300040,20150313T000000,719521.0,4,1.75,1920,9500,1.0,0,0,4,7,1470,450,1966,0,98006,47.5683,-122.177,1820,10091
20053,8648900110,20140505T000000,555000.0,3,2.5,1940,3211,2.0,0,0,3,8,1940,0,2009,0,98027,47.5644,-122.093,1880,3078
20054,8648900110,20140826T000000,555000.0,3,2.5,1940,3211,2.0,0,0,3,8,1940,0,2009,0,98027,47.5644,-122.093,1880,3078
20180,7853400250,20140604T000000,610000.0,4,3.5,2910,5260,2.0,0,0,3,9,2910,0,2012,0,98065,47.5168,-121.883,2910,5260
20181,7853400250,20150219T000000,645000.0,4,3.5,2910,5260,2.0,0,0,3,9,2910,0,2012,0,98065,47.5168,-121.883,2910,5260
20612,2724049222,20140802T000000,163800.0,2,2.5,1000,1092,2.0,0,0,3,7,990,10,2004,0,98118,47.5419,-122.271,1330,1466
20613,2724049222,20141201T000000,220000.0,2,2.5,1000,1092,2.0,0,0,3,7,990,10,2004,0,98118,47.5419,-122.271,1330,1466
20669,8564860270,20140708T000000,449990.0,4,2.5,2680,5539,2.0,0,0,3,8,2680,0,2013,0,98045,47.4759,-121.734,2680,5992
20670,8564860270,20150330T000000,502000.0,4,2.5,2680,5539,2.0,0,0,3,8,2680,0,2013,0,98045,47.4759,-121.734,2680,5992
20779,6300000226,20140626T000000,240000.0,4,1.0,1200,2171,1.5,0,0,3,7,1200,0,1933,0,98133,47.7076,-122.342,1130,1598
20780,6300000226,20150504T000000,380000.0,4,1.0,1200,2171,1.5,0,0,3,7,1200,0,1933,0,98133,47.7076,-122.342,1130,1598
21580,7853420110,20141003T000000,594866.0,3,3.0,2780,6000,2.0,0,0,3,9,2780,0,2013,0,98065,47.5184,-121.886,2850,6000
21581,7853420110,20150504T000000,625000.0,3,3.0,2780,6000,2.0,0,0,3,9,2780,0,2013,0,98065,47.5184,-121.886,2850,6000
